<?xml version="1.0" encoding="UTF-8" standalone="yes"?>
<addon id="repository.weriseco" name="Weriseco's Repository" version="1.0" provider-name="Weriseco">
	<extension point="xbmc.addon.repository" name="Weriseco's Repository">
		<info compressed="false">https://raw.githubusercontent.com/weriseco/Addons/master/addons.xml</info>
		<checksum>https://raw.githubusercontent.com/weriseco/Addons/master/addons.xml.md5</checksum>
		<datadir zip="true">https://github.com/weriseco/Addons/raw/master/</datadir>
	</extension>
	<extension point="xbmc.addon.metadata">
		<summary>Weriseco's Kodi Build Repository</summary>
		<description>Weriseco's Builds</description>
		<platform>all</platform>
	</extension>
</addon>
