<?xml version="1.0" encoding="UTF-8"?>
<window>
	<!--<onload condition="!Skin.HasSetting(FirstTimeRun2)">ActivateWindow(1136)</onload>-->
	<onunload>RunScript(script.skinshortcuts,type=buildxml&amp;levels=1&amp;mainmenuID=9000&amp;group=mainmenu)</onunload>
	<defaultcontrol>9000</defaultcontrol>
	<backgroundcolor>background</backgroundcolor>
	<controls>
		<include>DefaultBackground</include>
		<control type="multiimage" id="32112">
			<include>FullScreenDimensions</include>
			<aspectratio>scale</aspectratio>
			<fadetime>400</fadetime>
			<animation effect="fade" time="400">VisibleChange</animation>
			<imagepath background="true" colordiffuse="$VAR[Background_Opacity]">$INFO[Skin.String(global-background)]</imagepath>
			<timeperimage>3000</timeperimage>
			<randomize>true</randomize>
			<visible>Skin.HasSetting(no_fanart) + !String.IsEmpty(Skin.String(global-background))</visible>
		</control>
		<control type="group" id="10000">
			<left>470</left>
			<include>OpenClose_Right</include>		
			<control type="grouplist" id="110">
				<top>168</top>
				<left>0</left>
				<right>0</right>
				<bottom>142</bottom>
				<onleft>9000</onleft>
				<onright>60</onright>
				<onup>110</onup>
				<ondown>110</ondown>
				<pagecontrol>60</pagecontrol>
				<visible>Container(9000).HasFocus(11)</visible>
				<control type="radiobutton" id="111">
					<label>$LOCALIZE[40188]</label>
					<include>DefaultSettingButton</include>
					<textureradioonfocus colordiffuse="ffffffff">buttons/status-on.png</textureradioonfocus>
					<textureradioonnofocus colordiffuse="ffffffff">buttons/status-on.png</textureradioonnofocus>
					<textureradioofffocus colordiffuse="fff02222">buttons/status-off.png</textureradioofffocus>
					<textureradiooffnofocus colordiffuse="fff02222">buttons/status-off.png</textureradiooffnofocus>
					<onclick>Skin.SetString(temp)</onclick>
					<onclick>Skin.SetString(passcode,$VAR[temp_passcode])</onclick>
					<onclick>Notification($LOCALIZE[40187],$LOCALIZE[40189],3000,)</onclick>
					<onclick>Skin.Reset(temp)</onclick>
					<selected>!String.IsEmpty(Skin.String(passcode))</selected>
				</control>
				<control type="button" id="112">
					<label>$LOCALIZE[40190]</label>
					<label2>$VAR[password_time] $LOCALIZE[40184]</label2>
					<include>DefaultSettingButton</include>
					<onclick condition="String.IsEmpty(Skin.String(password_time)) | String.IsEqual(Skin.String(password_time),5)">Skin.SetString(password_time,10)</onclick>
					<onclick condition="String.IsEqual(Skin.String(password_time),10)">Skin.SetString(password_time,30)</onclick>
					<onclick condition="String.IsEqual(Skin.String(password_time),30)">Skin.SetString(password_time,1)</onclick>
					<onclick condition="String.IsEqual(Skin.String(password_time),1)">Skin.SetString(password_time,5)</onclick>
					<onclick>AlarmClock(parental,Skin.Reset(mypassword),$VAR[password_time],Silent)</onclick>
				</control>
				<control type="button" id="113">
					<label>$LOCALIZE[10041]</label>
					<include>DefaultSettingButton</include>
					<onclick>RunScript(script.skin.helper.service,action=dialogyesno,header=$LOCALIZE[10041],message=$LOCALIZE[10042],yesaction=Skin.Reset(passcode)|Skin.Reset(password_time))</onclick>
				</control>
			</control>
			<control type="grouplist" id="100">
				<top>168</top>
				<left>0</left>
				<right>0</right>
				<bottom>142</bottom>
				<onleft>9000</onleft>
				<onright>60</onright>
				<onup>100</onup>
				<ondown>100</ondown>
				<pagecontrol>60</pagecontrol>
				<visible>Container(9000).HasFocus(10)</visible>
				<control type="radiobutton" id="1091">
					<label>$LOCALIZE[40274]</label>
					<include>DefaultSettingButton</include>
					<onclick>Skin.ToggleSetting(ScopeMode)</onclick>
					<selected>Skin.HasSetting(ScopeMode)</selected>
				</control>
				<control type="button" id="1092">
					<label>  ∟$LOCALIZE[21374]</label>
					<include>DefaultSettingButton</include>
					<label2>$VAR[ScopeSettingLabel2Var]</label2>
					<onclick condition="String.IsEmpty(Skin.String(scope_mode))">Skin.SetString(scope_mode,$LOCALIZE[40277])</onclick>
					<onclick condition="String.IsEqual(Skin.String(scope_mode),$LOCALIZE[40276])">Skin.SetString(scope_mode,$LOCALIZE[40277])</onclick>
					<onclick condition="String.IsEqual(Skin.String(scope_mode),$LOCALIZE[40279])">Skin.SetString(scope_mode,$LOCALIZE[40276])</onclick>
					<onclick condition="String.IsEqual(Skin.String(scope_mode),$LOCALIZE[40275])">Skin.SetString(scope_mode,$LOCALIZE[40279])</onclick>
					<onclick condition="String.IsEqual(Skin.String(scope_mode),$LOCALIZE[40278])">Skin.SetString(scope_mode,$LOCALIZE[40275])</onclick>
					<onclick condition="String.IsEqual(Skin.String(scope_mode),$LOCALIZE[40277])">Skin.SetString(scope_mode,$LOCALIZE[40278])</onclick>
					<visible>Skin.HasSetting(ScopeMode)</visible>
				</control>
				<control type="radiobutton" id="109">
					<label>$LOCALIZE[40225]</label>
					<include>DefaultSettingButton</include>
					<selected>Skin.HasSetting(SmallOSDVideo)</selected>
                    <onclick>Skin.ToggleSetting(SmallOSDVideo)</onclick>
				</control>
				<control type="radiobutton" id="114">
					<label>$LOCALIZE[40159]</label>
					<include>DefaultSettingButton</include>
					<selected>!Skin.HasSetting(ExtendedOSDInfo)</selected>
                    <onclick>Skin.ToggleSetting(ExtendedOSDInfo)</onclick>
				</control>
				<control type="radiobutton" id="105">
					<label>$LOCALIZE[40230]</label>
					<include>DefaultSettingButton</include>
					<selected>Skin.HasSetting(Hide_OSDInfo)</selected>
                    <onclick>Skin.ToggleSetting(Hide_OSDInfo)</onclick>
				</control>
				<control type="radiobutton" id="106">
					<label>$LOCALIZE[40241]</label>
                    <include>DefaultSettingButton</include>
                    <selected>!Skin.HasSetting(disable_PauseOnExtraInfos)</selected>
                    <onclick>Skin.ToggleSetting(disable_PauseOnExtraInfos)</onclick>
                </control>
                <control type="radiobutton" id="108">
					<label>$LOCALIZE[40088]</label>
					<include>DefaultSettingButton</include>
					<selected>!Skin.HasSetting(enable_playerclearlogo)</selected>
					<onclick>Skin.ToggleSetting(enable_playerclearlogo)</onclick>
				</control>
				<control type="radiobutton" id="101">
					<label>$LOCALIZE[40094]</label>
					<include>DefaultSettingButton</include>
					<selected>!Skin.HasSetting(enable_playerclearart)</selected>
					<onclick>Skin.ToggleSetting(enable_playerclearart)</onclick>
				</control>
				<control type="radiobutton" id="102">
					<label>$LOCALIZE[40095]</label>
					<include>DefaultSettingButton</include>
					<selected>!Skin.HasSetting(show_discart)</selected>
					<onclick>Skin.ToggleSetting(show_discart)</onclick>
					<enable>!Skin.HasSetting(SmallOSDVideo)</enable>
				</control>
				<control type="radiobutton" id="103">
					<label>$LOCALIZE[40195]</label>
					<include>DefaultSettingButton</include>
					<selected>!Skin.HasSetting(disable_PVRNextUp)</selected>
					<onclick>Skin.ToggleSetting(disable_PVRNextUp)</onclick>
				</control>
				<control type="radiobutton" id="107">
					<label>$LOCALIZE[40264]</label>
					<include>DefaultSettingButton</include>
					<selected>!Skin.HasSetting(show_musicvideoinfo)</selected>
					<onclick>Skin.ToggleSetting(show_musicvideoinfo)</onclick>
					<visible>Library.HasContent(musicvideos)</visible>
				</control>
				<control type="button" id="104">
					<label>$LOCALIZE[10041]</label>
					<include>DefaultSettingButton</include>
					<onclick>RunScript(script.skin.helper.service,action=dialogyesno,header=$LOCALIZE[10041],message=$LOCALIZE[10042],yesaction=Skin.Reset(ScopeMode)|Skin.Reset(scope_mode)|Skin.Reset(SmallOSDVideo)|Skin.Reset(ExtendedOSDInfo)|Skin.Reset(Hide_OSDInfo)|Skin.Reset(disable_PauseOnExtraInfos)|Skin.Reset(enable_playerclearlogo)|Skin.Reset(enable_playerclearart)|Skin.Reset(show_discart)|Skin.Reset(disable_PVRNextUp)|Skin.Reset(show_musicvideoinfo))</onclick>
				</control>
			</control>
			<control type="grouplist" id="200">
				<top>168</top>
				<left>0</left>
				<right>0</right>
				<bottom>142</bottom>
				<onleft>9000</onleft>
				<onright>60</onright>
				<onup>200</onup>
				<ondown>200</ondown>
				<pagecontrol>60</pagecontrol>
				<visible>Container(9000).HasFocus(9)</visible>
				<control type="radiobutton" id="201">
					<label>$LOCALIZE[40080]</label>
					<include>DefaultSettingButton</include>
					<selected>Skin.HasSetting(show_musicvisualisation)</selected>
					<onclick>Skin.ToggleSetting(show_musicvisualisation)</onclick>
				</control>
				<control type="radiobutton" id="202">
					<label>$LOCALIZE[31163]</label>
					<include>DefaultSettingButton</include>
					<selected>!Skin.HasSetting(hide_background_fanart)</selected>
					<onclick>Skin.ToggleSetting(hide_background_fanart)</onclick>
				</control>
				<control type="radiobutton" id="203">
					<label>$LOCALIZE[40081]</label>
					<include>DefaultSettingButton</include>
					<selected>Skin.HasSetting(enable_artistslideshow)</selected>
					<onclick condition="!System.HasAddon(script.artwork.helper)">InstallAddon(script.artwork.helper)</onclick>
					<onclick condition="System.HasAddon(script.artwork.helper)">Skin.ToggleSetting(enable_artistslideshow)</onclick>
					<enable>!Skin.HasSetting(hide_background_fanart)</enable>
				</control>
				<control type="radiobutton" id="204">
					<label>$LOCALIZE[40082]</label>
					<include>DefaultSettingButton</include>
					<selected>Skin.HasSetting(animate_artistslideshow)</selected>
					<onclick>Skin.ToggleSetting(animate_artistslideshow)</onclick>
					<enable>!Skin.HasSetting(hide_background_fanart)</enable>
				</control>
				<control type="radiobutton" id="214">
					<label>$LOCALIZE[40237]</label>
					<include>DefaultSettingButton</include>
					<selected>Skin.HasSetting(hide_fanartopacity)</selected>
					<onclick>Skin.ToggleSetting(hide_fanartopacity)</onclick>
					<enable>!Skin.HasSetting(hide_background_fanart)</enable>
				</control>
				<control type="radiobutton" id="205">
					<label>$LOCALIZE[40083]</label>
					<include>DefaultSettingButton</include>
					<selected>Skin.HasSetting(enable_visualisation)</selected>
					<onclick>Skin.ToggleSetting(enable_visualisation)</onclick>
				</control>
				<control type="radiobutton" id="207">
					<label>  ∟$LOCALIZE[40202]</label>
					<include>DefaultSettingButton</include>
					<selected>Skin.HasSetting(show_visualisationbehind)</selected>
					<onclick>Skin.ToggleSetting(show_visualisationbehind)</onclick>
					<visible>Skin.HasSetting(enable_visualisation)</visible>
				</control>
				<control type="radiobutton" id="206">
					<label>$LOCALIZE[40087]</label>
					<include>DefaultSettingButton</include>
					<selected>!Skin.HasSetting(show_disc)</selected>
					<onclick>Skin.ToggleSetting(show_disc)</onclick>
				</control>
				<control type="radiobutton" id="208">
					<label>$LOCALIZE[40089]</label>
					<include>DefaultSettingButton</include>
					<selected>!Skin.HasSetting(show_artistclearlogo)</selected>
					<onclick>Skin.ToggleSetting(show_artistclearlogo)</onclick>
				</control>
				<control type="radiobutton" id="209">
					<label>$LOCALIZE[40091]</label>
					<include>DefaultSettingButton</include>
					<selected>!Skin.HasSetting(show_artistbanner)</selected>
					<onclick>Skin.ToggleSetting(show_artistbanner)</onclick>
				</control>
				<control type="radiobutton" id="215">
					<label>$LOCALIZE[40257]</label>
					<include>DefaultSettingButton</include>
					<selected>!Skin.HasSetting(enable_artistclearart)</selected>
					<onclick>Skin.ToggleSetting(enable_artistclearart)</onclick>
				</control>
				<control type="radiobutton" id="212">
					<label>$LOCALIZE[40179]</label>
					<include>DefaultSettingButton</include>
					<onclick>Skin.ToggleSetting(enable_animatedlyrics)</onclick>
					<selected>!Skin.HasSetting(enable_animatedlyrics)</selected>
				</control>
				<control type="radiobutton" id="216">
					<label>  ∟$LOCALIZE[40163]</label>
					<include>DefaultSettingButton</include>
					<selected>Skin.HasSetting(Alt_color.lyrics)</selected>
					<onclick>Skin.ToggleSetting(Alt_color.lyrics)</onclick>
					<visible>!Skin.HasSetting(enable_animatedlyrics)</visible>
				</control>
				<control type="button" id="217">
					<label>    ∟$LOCALIZE[737] 1</label>
					<label2>$VAR[Label_SkinSetting_LyricsColor1]</label2>
					<include>DefaultSettingButton</include>
					<onclick condition="!Skin.String(LyricsColor1)">RunScript(script.skin.helper.colorpicker,skinstring=LyricsColor1)</onclick>
					<onclick condition="Skin.String(LyricsColor1)">Skin.Reset(LyricsColor1)</onclick>
					<visible>!Skin.HasSetting(enable_animatedlyrics) + Skin.HasSetting(Alt_color.lyrics)</visible>
				</control>
				<control type="button" id="218">
					<label>    ∟$LOCALIZE[737] 2</label>
					<label2>$VAR[Label_SkinSetting_LyricsColor2]</label2>
					<include>DefaultSettingButton</include>
					<onclick condition="!Skin.String(LyricsColor2)">RunScript(script.skin.helper.colorpicker,skinstring=LyricsColor2)</onclick>
					<onclick condition="Skin.String(LyricsColor2)">Skin.Reset(LyricsColor2)</onclick>
					<visible>!Skin.HasSetting(enable_animatedlyrics) + Skin.HasSetting(Alt_color.lyrics)</visible>
				</control>
				<control type="button" id="219">
					<label>    ∟$LOCALIZE[737] 3</label>
					<label2>$VAR[Label_SkinSetting_LyricsColor3]</label2>
					<include>DefaultSettingButton</include>
					<onclick condition="!Skin.String(LyricsColor3)">RunScript(script.skin.helper.colorpicker,skinstring=LyricsColor3)</onclick>
					<onclick condition="Skin.String(LyricsColor3)">Skin.Reset(LyricsColor3)</onclick>
					<visible>!Skin.HasSetting(enable_animatedlyrics) + Skin.HasSetting(Alt_color.lyrics)</visible>
				</control>
				<control type="button" id="220">
					<label>    ∟$LOCALIZE[737] 4</label>
					<label2>$VAR[Label_SkinSetting_LyricsColor4]</label2>
					<include>DefaultSettingButton</include>
					<onclick condition="!Skin.String(LyricsColor4)">RunScript(script.skin.helper.colorpicker,skinstring=LyricsColor4)</onclick>
					<onclick condition="Skin.String(LyricsColor4)">Skin.Reset(LyricsColor4)</onclick>
					<visible>!Skin.HasSetting(enable_animatedlyrics) + Skin.HasSetting(Alt_color.lyrics)</visible>
				</control>
				<control type="radiobutton" id="213">
					<label>$LOCALIZE[40231]</label>
					<include>DefaultSettingButton</include>
					<onclick>Skin.ToggleSetting(enable_scrollingtext)</onclick>
					<selected>!Skin.HasSetting(enable_scrollingtext)</selected>
				</control>
				<control type="radiobutton" id="210">
					<label>$LOCALIZE[40086]</label>
					<include>DefaultSettingButton</include>
					<selected>Skin.HasSetting(SkinHelper.DisableScreenSaverOnFullScreenMusic)</selected>
					<onclick>Skin.ToggleSetting(SkinHelper.DisableScreenSaverOnFullScreenMusic)</onclick>
				</control>
				<control type="button" id="211">
					<label>$LOCALIZE[10041]</label>
					<include>DefaultSettingButton</include>
					<onclick>RunScript(script.skin.helper.service,action=dialogyesno,header=$LOCALIZE[10041],message=$LOCALIZE[10042],yesaction=Skin.Reset(show_musicvisualisation)|Skin.Reset(hide_background_fanart)|Skin.Reset(enable_artistslideshow)|Skin.Reset(animate_artistslideshow)|Skin.Reset(hide_fanartopacity)|Skin.Reset(enable_visualisation)|Skin.Reset(show_visualisationbehind)|Skin.Reset(show_disc)|Skin.Reset(show_artistclearlogo)|Skin.Reset(show_artistbanner)|Skin.Reset(enable_artistclearart)|Skin.Reset(enable_animatedlyrics)|Skin.Reset(Alt_color.lyrics)|Skin.Reset(LyricsColor1)|Skin.Reset(LyricsColor2)|Skin.Reset(LyricsColor3)|Skin.Reset(LyricsColor4)|Skin.Reset(enable_scrollingtext)|Skin.Reset(SkinHelper.DisableScreenSaverOnFullScreenMusic))</onclick>
				</control>
			</control>
			<control type="grouplist" id="300">
				<top>168</top>
				<left>0</left>
				<right>0</right>
				<bottom>142</bottom>
				<onleft>9000</onleft>
				<onright>60</onright>
				<onup>300</onup>
				<ondown>300</ondown>
				<pagecontrol>60</pagecontrol>
				<visible>Container(9000).HasFocus(8)</visible>
				<control type="label" id="30011">
					<textoffsetx>45</textoffsetx>
					<top>0</top>
					<height>70</height>
					<label>$LOCALIZE[24011]</label>
					<align>center</align>
					<aligny>center</aligny>
					<font>font28_title</font>
					<textcolor>grey</textcolor>
					<shadowcolor>black</shadowcolor>
				</control>
				<control type="radiobutton" id="301">
					<label>Guilouz Repository $INFO[System.AddonVersion(repository.guilouz),(,)]</label>
					<textureradioonfocus colordiffuse="ffffffff">buttons/status-on.png</textureradioonfocus>
					<textureradioonnofocus colordiffuse="ffffffff">buttons/status-on.png</textureradioonnofocus>
					<textureradioofffocus colordiffuse="fff02222">buttons/status-off.png</textureradioofffocus>
					<textureradiooffnofocus colordiffuse="fff02222">buttons/status-off.png</textureradiooffnofocus>
					<onclick condition="!System.HasAddon(repository.guilouz)">InstallAddon(repository.guilouz)</onclick>
					<onclick condition="System.HasAddon(repository.guilouz)">Addon.OpenSettings(repository.guilouz)</onclick>
					<selected>System.HasAddon(repository.guilouz)</selected>
					<include>DefaultSettingButton</include>
				</control>
				<control type="radiobutton" id="302">
					<label>Marcelveldt's BETA repository $INFO[System.AddonVersion(repository.marcelveldt),(,)]</label>
					<textureradioonfocus colordiffuse="ffffffff">buttons/status-on.png</textureradioonfocus>
					<textureradioonnofocus colordiffuse="ffffffff">buttons/status-on.png</textureradioonnofocus>
					<textureradioofffocus colordiffuse="fff02222">buttons/status-off.png</textureradioofffocus>
					<textureradiooffnofocus colordiffuse="fff02222">buttons/status-off.png</textureradiooffnofocus>
					<onclick condition="!System.HasAddon(repository.marcelveldt)">InstallAddon(repository.marcelveldt)</onclick>
					<onclick condition="System.HasAddon(repository.marcelveldt)">Addon.OpenSettings(repository.marcelveldt)</onclick>
					<selected>System.HasAddon(repository.marcelveldt)</selected>
					<include>DefaultSettingButton</include>
				</control>
				<control type="radiobutton" id="320">
					<label>Rector Stuff Repository $INFO[System.AddonVersion(repository.rector.stuff),(,)]</label>
					<textureradioonfocus colordiffuse="ffffffff">buttons/status-on.png</textureradioonfocus>
					<textureradioonnofocus colordiffuse="ffffffff">buttons/status-on.png</textureradioonnofocus>
					<textureradioofffocus colordiffuse="fff02222">buttons/status-off.png</textureradioofffocus>
					<textureradiooffnofocus colordiffuse="fff02222">buttons/status-off.png</textureradiooffnofocus>
					<onclick condition="!System.HasAddon(repository.rector.stuff)">InstallAddon(repository.rector.stuff)</onclick>
					<onclick condition="System.HasAddon(repository.rector.stuff)">Addon.OpenSettings(repository.rector.stuff)</onclick>
					<selected>System.HasAddon(repository.rector.stuff)</selected>
					<include>DefaultSettingButton</include>
				</control>
				<control type="label" id="30013">
					<textoffsetx>45</textoffsetx>
					<top>0</top>
					<height>70</height>
					<label>$LOCALIZE[40218]</label>
					<align>center</align>
					<aligny>center</aligny>
					<font>font28_title</font>
					<textcolor>grey</textcolor>
					<shadowcolor>black</shadowcolor>
				</control>
				<control type="radiobutton" id="303">
					<label>Skin Shortcuts $INFO[System.AddonVersion(script.skinshortcuts),(,)]</label>
					<textureradioonfocus colordiffuse="ffffffff">buttons/status-on.png</textureradioonfocus>
					<textureradioonnofocus colordiffuse="ffffffff">buttons/status-on.png</textureradioonnofocus>
					<textureradioofffocus colordiffuse="fff02222">buttons/status-off.png</textureradioofffocus>
					<textureradiooffnofocus colordiffuse="fff02222">buttons/status-off.png</textureradiooffnofocus>
					<onclick condition="!System.HasAddon(script.skinshortcuts)">InstallAddon(script.skinshortcuts)</onclick>
					<onclick condition="System.HasAddon(script.skinshortcuts)">Addon.OpenSettings(script.skinshortcuts)</onclick>
					<selected>System.HasAddon(script.skinshortcuts)</selected>
					<include>DefaultSettingButton</include>
				</control>
				<control type="radiobutton" id="304">
					<label>Skin Helper Service $INFO[System.AddonVersion(script.skin.helper.service),(,)]</label>
					<textureradioonfocus colordiffuse="ffffffff">buttons/status-on.png</textureradioonfocus>
					<textureradioonnofocus colordiffuse="ffffffff">buttons/status-on.png</textureradioonnofocus>
					<textureradioofffocus colordiffuse="fff02222">buttons/status-off.png</textureradioofffocus>
					<textureradiooffnofocus colordiffuse="fff02222">buttons/status-off.png</textureradiooffnofocus>
					<onclick condition="!System.HasAddon(script.skin.helper.service)">InstallAddon(script.skin.helper.service)</onclick>
					<onclick condition="System.HasAddon(script.skin.helper.service)">Addon.OpenSettings(script.skin.helper.service)</onclick>
					<selected>System.HasAddon(script.skin.helper.service)</selected>
					<include>DefaultSettingButton</include>
				</control>
				<control type="radiobutton" id="305">
					<label>Skin Helper Service Widgets $INFO[System.AddonVersion(script.skin.helper.widgets),(,)]</label>
					<textureradioonfocus colordiffuse="ffffffff">buttons/status-on.png</textureradioonfocus>
					<textureradioonnofocus colordiffuse="ffffffff">buttons/status-on.png</textureradioonnofocus>
					<textureradioofffocus colordiffuse="fff02222">buttons/status-off.png</textureradioofffocus>
					<textureradiooffnofocus colordiffuse="fff02222">buttons/status-off.png</textureradiooffnofocus>
					<onclick condition="!System.HasAddon(script.skin.helper.widgets)">InstallAddon(script.skin.helper.widgets)</onclick>
					<onclick condition="System.HasAddon(script.skin.helper.widgets)">Addon.OpenSettings(script.skin.helper.widgets)</onclick>
					<selected>System.HasAddon(script.skin.helper.widgets)</selected>
					<include>DefaultSettingButton</include>
				</control>
				<control type="radiobutton" id="306">
					<label>Image Resource Select Addon $INFO[System.AddonVersion(script.image.resource.select),(,)]</label>
					<textureradioonfocus colordiffuse="ffffffff">buttons/status-on.png</textureradioonfocus>
					<textureradioonnofocus colordiffuse="ffffffff">buttons/status-on.png</textureradioonnofocus>
					<textureradioofffocus colordiffuse="fff02222">buttons/status-off.png</textureradioofffocus>
					<textureradiooffnofocus colordiffuse="fff02222">buttons/status-off.png</textureradiooffnofocus>
					<onclick condition="!System.HasAddon(script.image.resource.select)">InstallAddon(script.image.resource.select)</onclick>
					<onclick condition="System.HasAddon(script.image.resource.select)">Addon.OpenSettings(script.image.resource.select)</onclick>
					<selected>System.HasAddon(script.image.resource.select)</selected>
					<include>DefaultSettingButton</include>
				</control>
				<control type="label" id="30015">
					<textoffsetx>45</textoffsetx>
					<top>0</top>
					<height>70</height>
					<label>$LOCALIZE[40219]</label>
					<align>center</align>
					<aligny>center</aligny>
					<font>font28_title</font>
					<textcolor>grey</textcolor>
					<shadowcolor>black</shadowcolor>
				</control>
				<control type="radiobutton" id="313">
					<label>Artwork Beef $INFO[System.AddonVersion(script.artwork.beef),(,)]</label>
					<textureradioonfocus colordiffuse="ffffffff">buttons/status-on.png</textureradioonfocus>
					<textureradioonnofocus colordiffuse="ffffffff">buttons/status-on.png</textureradioonnofocus>
					<textureradioofffocus colordiffuse="fff02222">buttons/status-off.png</textureradioofffocus>
					<textureradiooffnofocus colordiffuse="fff02222">buttons/status-off.png</textureradiooffnofocus>
					<onclick condition="!System.HasAddon(script.artwork.beef)">InstallAddon(script.artwork.beef)</onclick>
					<onclick condition="System.HasAddon(script.artwork.beef)">Addon.OpenSettings(script.artwork.beef)</onclick>
					<selected>System.HasAddon(script.artwork.beef)</selected>
					<include>DefaultSettingButton</include>
				</control>
				<control type="radiobutton" id="319">
					<label>Artwork Helper $INFO[System.AddonVersion(script.artwork.helper),(,)]</label>
					<textureradioonfocus colordiffuse="ffffffff">buttons/status-on.png</textureradioonfocus>
					<textureradioonnofocus colordiffuse="ffffffff">buttons/status-on.png</textureradioonnofocus>
					<textureradioofffocus colordiffuse="fff02222">buttons/status-off.png</textureradioofffocus>
					<textureradiooffnofocus colordiffuse="fff02222">buttons/status-off.png</textureradiooffnofocus>
					<onclick condition="!System.HasAddon(script.artwork.helper)">InstallAddon(script.artwork.helper)</onclick>
					<onclick condition="System.HasAddon(script.artwork.helper)">Addon.OpenSettings(script.artwork.helper)</onclick>
					<selected>System.HasAddon(script.artwork.helper)</selected>
					<include>DefaultSettingButton</include>
				</control>
				<control type="radiobutton" id="307">
					<label>ExtendedInfo Script $INFO[System.AddonVersion(script.extendedinfo),(,)]</label>
					<textureradioonfocus colordiffuse="ffffffff">buttons/status-on.png</textureradioonfocus>
					<textureradioonnofocus colordiffuse="ffffffff">buttons/status-on.png</textureradioonnofocus>
					<textureradioofffocus colordiffuse="fff02222">buttons/status-off.png</textureradioofffocus>
					<textureradiooffnofocus colordiffuse="fff02222">buttons/status-off.png</textureradiooffnofocus>
					<onclick condition="!System.HasAddon(script.extendedinfo)">InstallAddon(script.extendedinfo)</onclick>
					<onclick condition="System.HasAddon(script.extendedinfo)">Addon.OpenSettings(script.extendedinfo)</onclick>
					<selected>System.HasAddon(script.extendedinfo)</selected>
					<include>DefaultSettingButton</include>
				</control>
				<control type="radiobutton" id="308">
					<label>Skin Helper Service ColorPicker $INFO[System.AddonVersion(script.skin.helper.colorpicker),(,)]</label>
					<textureradioonfocus colordiffuse="ffffffff">buttons/status-on.png</textureradioonfocus>
					<textureradioonnofocus colordiffuse="ffffffff">buttons/status-on.png</textureradioonnofocus>
					<textureradioofffocus colordiffuse="fff02222">buttons/status-off.png</textureradioofffocus>
					<textureradiooffnofocus colordiffuse="fff02222">buttons/status-off.png</textureradiooffnofocus>
					<onclick condition="!System.HasAddon(script.skin.helper.colorpicker)">InstallAddon(script.skin.helper.colorpicker)</onclick>
					<onclick condition="System.HasAddon(script.skin.helper.colorpicker)">Addon.OpenSettings(script.skin.helper.colorpicker)</onclick>
					<selected>System.HasAddon(script.skin.helper.colorpicker)</selected>
					<include>DefaultSettingButton</include>
				</control>
				<control type="radiobutton" id="309">
					<label>Skin Helper Service Backup $INFO[System.AddonVersion(script.skin.helper.skinbackup),(,)]</label>
					<textureradioonfocus colordiffuse="ffffffff">buttons/status-on.png</textureradioonfocus>
					<textureradioonnofocus colordiffuse="ffffffff">buttons/status-on.png</textureradioonnofocus>
					<textureradioofffocus colordiffuse="fff02222">buttons/status-off.png</textureradioofffocus>
					<textureradiooffnofocus colordiffuse="fff02222">buttons/status-off.png</textureradiooffnofocus>
					<onclick condition="!System.HasAddon(script.skin.helper.skinbackup)">InstallAddon(script.skin.helper.skinbackup)</onclick>
					<onclick condition="System.HasAddon(script.skin.helper.skinbackup)">Addon.OpenSettings(script.skin.helper.skinbackup)</onclick>
					<selected>System.HasAddon(script.skin.helper.skinbackup)</selected>
					<include>DefaultSettingButton</include>
				</control>
				<control type="radiobutton" id="310">
					<label>Play Album Script $INFO[System.AddonVersion(script.playalbum),(,)]</label>
					<textureradioonfocus colordiffuse="ffffffff">buttons/status-on.png</textureradioonfocus>
					<textureradioonnofocus colordiffuse="ffffffff">buttons/status-on.png</textureradioonnofocus>
					<textureradioofffocus colordiffuse="fff02222">buttons/status-off.png</textureradioofffocus>
					<textureradiooffnofocus colordiffuse="fff02222">buttons/status-off.png</textureradiooffnofocus>
					<onclick condition="!System.HasAddon(script.playalbum)">InstallAddon(script.playalbum)</onclick>
					<onclick condition="System.HasAddon(script.playalbum)">Addon.OpenSettings(script.playalbum)</onclick>
					<selected>System.HasAddon(script.playalbum)</selected>
					<include>DefaultSettingButton</include>
				</control>
				<control type="radiobutton" id="311">
					<label>Global Search $INFO[System.AddonVersion(script.globalsearch),(,)]</label>
					<textureradioonfocus colordiffuse="ffffffff">buttons/status-on.png</textureradioonfocus>
					<textureradioonnofocus colordiffuse="ffffffff">buttons/status-on.png</textureradioonnofocus>
					<textureradioofffocus colordiffuse="fff02222">buttons/status-off.png</textureradioofffocus>
					<textureradiooffnofocus colordiffuse="fff02222">buttons/status-off.png</textureradiooffnofocus>
					<onclick condition="!System.HasAddon(script.globalsearch)">InstallAddon(script.globalsearch)</onclick>
					<onclick condition="System.HasAddon(script.globalsearch)">Addon.OpenSettings(script.globalsearch)</onclick>
					<selected>System.HasAddon(script.globalsearch)</selected>
					<include>DefaultSettingButton</include>
				</control>
				<control type="radiobutton" id="312">
					<label>Nextup Service Notification $INFO[System.AddonVersion(service.nextup.notification),(,)]</label>
					<textureradioonfocus colordiffuse="ffffffff">buttons/status-on.png</textureradioonfocus>
					<textureradioonnofocus colordiffuse="ffffffff">buttons/status-on.png</textureradioonnofocus>
					<textureradioofffocus colordiffuse="fff02222">buttons/status-off.png</textureradioofffocus>
					<textureradiooffnofocus colordiffuse="fff02222">buttons/status-off.png</textureradiooffnofocus>
					<onclick condition="!System.HasAddon(service.nextup.notification)">InstallAddon(service.nextup.notification)</onclick>
					<onclick condition="System.HasAddon(service.nextup.notification)">Addon.OpenSettings(service.nextup.notification)</onclick>
					<selected>System.HasAddon(service.nextup.notification)</selected>
					<include>DefaultSettingButton</include>
				</control>
				<control type="radiobutton" id="314">
					<label>AutoCompletion for virtual keyboard $INFO[System.AddonVersion(plugin.program.autocompletion),(,)]</label>
					<textureradioonfocus colordiffuse="ffffffff">buttons/status-on.png</textureradioonfocus>
					<textureradioonnofocus colordiffuse="ffffffff">buttons/status-on.png</textureradioonnofocus>
					<textureradioofffocus colordiffuse="fff02222">buttons/status-off.png</textureradioofffocus>
					<textureradiooffnofocus colordiffuse="fff02222">buttons/status-off.png</textureradiooffnofocus>
					<onclick condition="!System.HasAddon(plugin.program.autocompletion)">InstallAddon(plugin.program.autocompletion)</onclick>
					<onclick condition="System.HasAddon(plugin.program.autocompletion)">Addon.OpenSettings(plugin.program.autocompletion)</onclick>
					<selected>System.HasAddon(plugin.program.autocompletion)</selected>
					<include>DefaultSettingButton</include>
				</control>
				<control type="radiobutton" id="315">
					<label>YouTube $INFO[System.AddonVersion(plugin.video.youtube),(,)]</label>
					<textureradioonfocus colordiffuse="ffffffff">buttons/status-on.png</textureradioonfocus>
					<textureradioonnofocus colordiffuse="ffffffff">buttons/status-on.png</textureradioonnofocus>
					<textureradioofffocus colordiffuse="fff02222">buttons/status-off.png</textureradioofffocus>
					<textureradiooffnofocus colordiffuse="fff02222">buttons/status-off.png</textureradiooffnofocus>
					<onclick condition="!System.HasAddon(plugin.video.youtube)">InstallAddon(plugin.video.youtube)</onclick>
					<onclick condition="System.HasAddon(plugin.video.youtube)">Addon.OpenSettings(plugin.video.youtube)</onclick>
					<selected>System.HasAddon(plugin.video.youtube)</selected>
					<include>DefaultSettingButton</include>
				</control>
				<control type="radiobutton" id="316">
					<label>CU LRC Lyrics $INFO[System.AddonVersion(script.cu.lrclyrics),(,)]</label>
					<textureradioonfocus colordiffuse="ffffffff">buttons/status-on.png</textureradioonfocus>
					<textureradioonnofocus colordiffuse="ffffffff">buttons/status-on.png</textureradioonnofocus>
					<textureradioofffocus colordiffuse="fff02222">buttons/status-off.png</textureradioofffocus>
					<textureradiooffnofocus colordiffuse="fff02222">buttons/status-off.png</textureradiooffnofocus>
					<onclick condition="!System.HasAddon(script.cu.lrclyrics)">InstallAddon(script.cu.lrclyrics)</onclick>
					<onclick condition="System.HasAddon(script.cu.lrclyrics)">Addon.OpenSettings(script.cu.lrclyrics)</onclick>
					<selected>System.HasAddon(script.cu.lrclyrics)</selected>
					<include>DefaultSettingButton</include>
				</control>
				<control type="radiobutton" id="317">
					<label>Library Editor Script $INFO[System.AddonVersion(script.libraryeditor),(,)]</label>
					<textureradioonfocus colordiffuse="ffffffff">buttons/status-on.png</textureradioonfocus>
					<textureradioonnofocus colordiffuse="ffffffff">buttons/status-on.png</textureradioonnofocus>
					<textureradioofffocus colordiffuse="fff02222">buttons/status-off.png</textureradioofffocus>
					<textureradiooffnofocus colordiffuse="fff02222">buttons/status-off.png</textureradiooffnofocus>
					<onclick condition="!System.HasAddon(script.libraryeditor)">InstallAddon(script.libraryeditor)</onclick>
					<onclick condition="System.HasAddon(script.libraryeditor)">Addon.OpenSettings(script.libraryeditor)</onclick>
					<selected>System.HasAddon(script.libraryeditor)</selected>
					<include>DefaultSettingButton</include>
				</control>
				<control type="radiobutton" id="318">
					<label>TV Show - Next Aired $INFO[System.AddonVersion(script.tv.show.next.aired),(,)]</label>
					<textureradioonfocus colordiffuse="ffffffff">buttons/status-on.png</textureradioonfocus>
					<textureradioonnofocus colordiffuse="ffffffff">buttons/status-on.png</textureradioonnofocus>
					<textureradioofffocus colordiffuse="fff02222">buttons/status-off.png</textureradioofffocus>
					<textureradiooffnofocus colordiffuse="fff02222">buttons/status-off.png</textureradiooffnofocus>
					<onclick condition="!System.HasAddon(script.tv.show.next.aired)">InstallAddon(script.tv.show.next.aired)</onclick>
					<onclick condition="System.HasAddon(script.tv.show.next.aired)">Addon.OpenSettings(script.tv.show.next.aired)</onclick>
					<selected>System.HasAddon(script.tv.show.next.aired)</selected>
					<include>DefaultSettingButton</include>
				</control>
				<control type="radiobutton" id="321">
					<label>Movie Genres Icons for Estuary MOD V2 $INFO[System.AddonVersion(resource.images.moviegenreicons.estuarymod),(,)]</label>
					<textureradioonfocus colordiffuse="ffffffff">buttons/status-on.png</textureradioonfocus>
					<textureradioonnofocus colordiffuse="ffffffff">buttons/status-on.png</textureradioonnofocus>
					<textureradioofffocus colordiffuse="fff02222">buttons/status-off.png</textureradioofffocus>
					<textureradiooffnofocus colordiffuse="fff02222">buttons/status-off.png</textureradiooffnofocus>
					<onclick condition="!System.HasAddon(resource.images.moviegenreicons.estuarymod)">InstallAddon(resource.images.moviegenreicons.estuarymod)</onclick>
					<onclick condition="System.HasAddon(resource.images.moviegenreicons.estuarymod)">Addon.OpenSettings(resource.images.moviegenreicons.estuarymod)</onclick>
					<selected>System.HasAddon(resource.images.moviegenreicons.estuarymod)</selected>
					<include>DefaultSettingButton</include>
				</control>
			</control>
			<control type="grouplist" id="400">
				<top>168</top>
				<left>0</left>
				<right>0</right>
				<bottom>142</bottom>
				<onleft>9000</onleft>
				<onright>60</onright>
				<onup>400</onup>
				<ondown>400</ondown>
				<pagecontrol>60</pagecontrol>
				<visible>Container(9000).HasFocus(7)</visible>
				<control type="button" id="401">
					<include>DefaultSettingButton</include>
					<label>$LOCALIZE[40070]</label>
					<onclick>RunScript(script.skin.helper.skinbackup,action=backup)</onclick>
				</control>
				<control type="button" id="402">
					<include>DefaultSettingButton</include>
					<label>  ∟$LOCALIZE[40072]</label>
					<onclick condition="!System.HasAddon(script.skin.helper.skinbackup)">InstallAddon(script.skin.helper.skinbackup)</onclick>
					<onclick condition="System.HasAddon(script.skin.helper.skinbackup)">Addon.OpenSettings(script.skin.helper.skinbackup)</onclick>
				</control>
				<control type="button" id="403">
					<label>$LOCALIZE[40071]</label>
					<include>DefaultSettingButton</include>
					<onclick>RunScript(script.skin.helper.skinbackup,action=restore)</onclick>
				</control>
			</control>
			<control type="grouplist" id="500">
				<top>168</top>
				<left>0</left>
				<right>0</right>
				<bottom>142</bottom>
				<onleft>9000</onleft>
				<onright>60</onright>
				<onup>500</onup>
				<ondown>500</ondown>
				<pagecontrol>60</pagecontrol>
				<visible>Container(9000).HasFocus(6)</visible>
				<control type="button" id="506">
					<label>$LOCALIZE[40125]</label>
					<include>DefaultSettingButton</include>
					<onclick>Skin.SelectBool(40125, 31099|powermenu_panel, 40228|powermenu_iconlist, 40227|powermenu_list)</onclick>
					<label2>$VAR[PowerMenuAspectLabel2Var]</label2>
				</control>
				<control type="radiobutton" id="509">
					<label>$LOCALIZE[31051]</label>
					<include>DefaultSettingButton</include>
					<onclick>Skin.ToggleSetting(EnableSpashScreen)</onclick>
					<selected>!Skin.HasSetting(EnableSpashScreen)</selected>
				</control>
				<control type="button" id="502">
					<label>  ∟$LOCALIZE[40065]</label>
					<label2>$VAR[Label_SkinSetting_Startup]</label2>
					<include>DefaultSettingButton</include>
					<onclick condition="!Skin.String(SplashScreen)">Skin.SetFile(SplashScreen)</onclick>
					<onclick condition="Skin.String(SplashScreen)">Skin.Reset(SplashScreen)</onclick>
					<visible>!Skin.HasSetting(EnableSpashScreen)</visible>
				</control>
				<control type="radiobutton" id="501">
					<label>$LOCALIZE[40259]</label>
					<include>DefaultSettingButton</include>
					<onclick>Skin.ToggleSetting(DisableThemes)</onclick>
					<selected>!Skin.HasSetting(DisableThemes)</selected>
				</control>
				<control type="radiobutton" id="503">
					<label>$LOCALIZE[31158]</label>
					<include>DefaultSettingButton</include>
					<onclick>Skin.ToggleSetting(touchmode)</onclick>
					<selected>Skin.HasSetting(touchmode)</selected>
				</control>
				<control type="radiobutton" id="504">
					<label>$LOCALIZE[40063]</label>
					<include>DefaultSettingButton</include>
					<onclick>Skin.ToggleSetting(KioskMode)</onclick>
					<selected>Skin.HasSetting(KioskMode)</selected>
				</control>
				<control type="button" id="508">
					<label>$LOCALIZE[40229]</label>
					<include>DefaultSettingButton</include>
					<onclick condition="!System.HasAddon(script.skin.helper.service)">InstallAddon(script.skin.helper.service)</onclick>
					<onclick condition="System.HasAddon(script.module.metadatautils)">Addon.OpenSettings(script.module.metadatautils)</onclick>
				</control>
				<control type="radiobutton" id="505">
					<label>$LOCALIZE[40032]</label>
					<include>DefaultSettingButton</include>
					<selected>Skin.HasSetting(Skin.ToggleDebug)</selected>
					<onclick>Skin.ToggleSetting(Skin.ToggleDebug)</onclick>
					<onclick>Skin.ToggleDebug</onclick>
				</control>
				<control type="button" id="507">
					<label>$LOCALIZE[10041]</label>
					<include>DefaultSettingButton</include>
					<onclick>RunScript(script.skin.helper.service,action=dialogyesno,header=$LOCALIZE[10041],message=$LOCALIZE[10042],yesaction=Skin.Reset(enable_updateartworks)|Skin.Reset(powermenu_iconlist)|Skin.Reset(powermenu_list)|Skin.Reset(SplashScreen)|Skin.Reset(DisableThemes)|Skin.Reset(touchmode)|Skin.Reset(KioskMode)|Skin.Reset(Skin.ToggleDebug))</onclick>
				</control>
			</control>
			<control type="grouplist" id="800">
				<top>168</top>
				<left>0</left>
				<right>0</right>
				<bottom>142</bottom>
				<onleft>9000</onleft>
				<onright>60</onright>
				<onup>800</onup>
				<ondown>800</ondown>
				<pagecontrol>60</pagecontrol>
				<visible>Container(9000).HasFocus(4)</visible>
				<control type="button" id="803">
					<label>$LOCALIZE[40020]</label>
					<label2>$VAR[Label_SkinSetting_SkinColor]</label2>
					<include>DefaultSettingButton</include>
					<onclick condition="!Skin.String(SkinColor)">RunScript(script.skin.helper.colorpicker,skinstring=SkinColor)</onclick>
					<onclick condition="Skin.String(SkinColor)">Skin.Reset(SkinColor)</onclick>
					<enable>!$EXP[ChristmasTheme] + !$EXP[HalloweenTheme] + !$EXP[EasterTheme] + !$EXP[ValentineTheme]</enable>
				</control>
				<control type="radiobutton" id="810">
					<label>$LOCALIZE[40223]</label>
					<include>DefaultSettingButton</include>
					<onclick>Skin.ToggleSetting(EnableGradientColor)</onclick>
					<selected>Skin.HasSetting(EnableGradientColor)</selected>
				</control>
				<control type="button" id="811">
					<label>  ∟$LOCALIZE[40224]</label>
					<label2>$VAR[Label_SkinSetting_GradientColor]</label2>
					<include>DefaultSettingButton</include>
					<onclick condition="!Skin.String(GradientColor)">RunScript(script.skin.helper.colorpicker,skinstring=GradientColor)</onclick>
					<onclick condition="Skin.String(GradientColor)">Skin.Reset(GradientColor)</onclick>
					<visible>Skin.HasSetting(EnableGradientColor)</visible>
					<enable>!$EXP[ChristmasTheme] + !$EXP[HalloweenTheme] + !$EXP[EasterTheme] + !$EXP[ValentineTheme]</enable>
				</control>
				<control type="button" id="801">
					<label>$LOCALIZE[40033]</label>
					<label2>$VAR[Label_SkinSetting_BackgroundColor]</label2>
					<include>DefaultSettingButton</include>
					<onclick condition="!Skin.String(BackgroundColor)">RunScript(script.skin.helper.colorpicker,skinstring=BackgroundColor)</onclick>
					<onclick condition="Skin.String(BackgroundColor)">Skin.Reset(BackgroundColor)</onclick>
					<enable>!$EXP[ChristmasTheme] + !$EXP[HalloweenTheme] + !$EXP[EasterTheme] + !$EXP[ValentineTheme]</enable>
				</control>
				<control type="button" id="809">
					<label>$LOCALIZE[31156]</label>
					<label2>$VAR[BackgroundOverlayTypeVar]</label2>
					<include>DefaultSettingButton</include>
					<onclick condition="String.IsEmpty(Skin.String(background_overlay))">Skin.SetString(background_overlay,0)</onclick>
					<onclick condition="String.IsEqual(Skin.String(background_overlay),16)">Skin.SetString(background_overlay,0)</onclick>
					<onclick condition="String.IsEqual(Skin.String(background_overlay),15)">Skin.SetString(background_overlay,16)</onclick>
					<onclick condition="String.IsEqual(Skin.String(background_overlay),14)">Skin.SetString(background_overlay,15)</onclick>
					<onclick condition="String.IsEqual(Skin.String(background_overlay),13)">Skin.SetString(background_overlay,14)</onclick>
					<onclick condition="String.IsEqual(Skin.String(background_overlay),12)">Skin.SetString(background_overlay,13)</onclick>
					<onclick condition="String.IsEqual(Skin.String(background_overlay),11)">Skin.SetString(background_overlay,12)</onclick>
					<onclick condition="String.IsEqual(Skin.String(background_overlay),10)">Skin.SetString(background_overlay,11)</onclick>
					<onclick condition="String.IsEqual(Skin.String(background_overlay),9)">Skin.SetString(background_overlay,10)</onclick>
					<onclick condition="String.IsEqual(Skin.String(background_overlay),8)">Skin.SetString(background_overlay,9)</onclick>
					<onclick condition="String.IsEqual(Skin.String(background_overlay),7)">Skin.SetString(background_overlay,8)</onclick>
					<onclick condition="String.IsEqual(Skin.String(background_overlay),6)">Skin.SetString(background_overlay,7)</onclick>
					<onclick condition="String.IsEqual(Skin.String(background_overlay),5)">Skin.SetString(background_overlay,6)</onclick>
					<onclick condition="String.IsEqual(Skin.String(background_overlay),4)">Skin.SetString(background_overlay,5)</onclick>
					<onclick condition="String.IsEqual(Skin.String(background_overlay),3)">Skin.SetString(background_overlay,4)</onclick>
					<onclick condition="String.IsEqual(Skin.String(background_overlay),2)">Skin.SetString(background_overlay,3)</onclick>
					<onclick condition="String.IsEqual(Skin.String(background_overlay),1)">Skin.SetString(background_overlay,2)</onclick>
					<onclick condition="String.IsEqual(Skin.String(background_overlay),0)">Skin.SetString(background_overlay,1)</onclick>
					<enable>!$EXP[ChristmasTheme] + !$EXP[HalloweenTheme] + !$EXP[EasterTheme] + !$EXP[ValentineTheme]</enable>
				</control>
				<control type="button" id="805">
					<label>  ∟$LOCALIZE[40035]</label>
					<label2>$VAR[Label_SkinSetting_PatternColor]</label2>
					<include>DefaultSettingButton</include>
					<onclick condition="!Skin.String(PatternColor)">RunScript(script.skin.helper.colorpicker,skinstring=PatternColor)</onclick>
					<onclick condition="Skin.String(PatternColor)">Skin.Reset(PatternColor)</onclick>
					<visible>!String.IsEmpty(Skin.String(background_overlay)) + !String.IsEqual(Skin.String(background_overlay),0)</visible>
				</control>
				<control type="button" id="807">
					<label>$LOCALIZE[40037]</label>
					<include>DefaultSettingButton</include>
					<onclick>Skin.SelectBool(40037, 15109|, 40038|opacity_0, 40039|opacity_5, 40040|opacity_10, 40041|opacity_15, 40042|opacity_20, 40043|opacity_25, 40044|opacity_30, 40045|opacity_35, 40046|opacity_40, 40047|opacity_45, 40048|opacity_50, 40049|opacity_55, 40050|opacity_60, 40051|opacity_65, 40052|opacity_70, 40053|opacity_75, 40054|opacity_80, 40055|opacity_85, 40056|opacity_90, 40057|opacity_95, 40058|opacity_100)</onclick>
					<label2>$VAR[OpacitySettingLabel2Var]</label2>
				</control>
				<control type="button" id="808">
					<label>$LOCALIZE[40124]</label>
					<include>DefaultSettingButton</include>
					<onclick>Skin.SelectBool(40124, 15109|, 40038|opacitybars_0, 40039|opacitybars_5, 40040|opacitybars_10, 40041|opacitybars_15, 40042|opacitybars_20, 40043|opacitybars_25, 40044|opacitybars_30, 40045|opacitybars_35, 40046|opacitybars_40, 40047|opacitybars_45, 40048|opacitybars_50, 40049|opacitybars_55, 40050|opacitybars_60, 40051|opacitybars_65, 40052|opacitybars_70, 40053|opacitybars_75, 40054|opacitybars_80, 40055|opacitybars_85, 40056|opacitybars_90, 40057|opacitybars_95, 40058|opacitybars_100)</onclick>
					<label2>$VAR[OpacityBarsSettingLabel2Var]</label2>
				</control>
			</control>
			<control type="grouplist" id="900">
				<top>168</top>
				<left>0</left>
				<right>0</right>
				<bottom>142</bottom>
				<onleft>9000</onleft>
				<onright>60</onright>
				<onup>900</onup>
				<ondown>900</ondown>
				<pagecontrol>60</pagecontrol>
				<visible>Container(9000).HasFocus(5)</visible>
				<control type="radiobutton" id="901">
					<label>$LOCALIZE[20189]</label>
					<include>DefaultSettingButton</include>
					<onclick>Skin.ToggleSetting(autoscroll)</onclick>
					<selected>Skin.HasSetting(autoscroll)</selected>
				</control>
				<control type="radiobutton" id="902">
					<label>$LOCALIZE[40031]</label>
					<include>DefaultSettingButton</include>
					<onclick>Skin.ToggleSetting(hide_plotforspoiler)</onclick>
					<selected>Skin.HasSetting(hide_plotforspoiler)</selected>
				</control>
				<control type="radiobutton" id="904">
					<label>$LOCALIZE[40126]</label>
					<include>DefaultSettingButton</include>
					<onclick>Skin.ToggleSetting(hide_thumbforspoiler)</onclick>
					<selected>Skin.HasSetting(hide_thumbforspoiler)</selected>
				</control>
				<control type="radiobutton" id="917">
					<label>$LOCALIZE[40164]</label>
					<include>DefaultSettingButton</include>
					<onclick>Skin.ToggleSetting(greyedout_watched)</onclick>
					<selected>Skin.HasSetting(greyedout_watched)</selected>
				</control>
				<control type="radiobutton" id="903">
					<label>$LOCALIZE[40068]</label>
					<include>DefaultSettingButton</include>
					<onclick>Skin.ToggleSetting(enable_LibraryClearLogo)</onclick>
					<selected>!Skin.HasSetting(enable_LibraryClearLogo)</selected>
				</control>
				<control type="radiobutton" id="918">
					<label>$LOCALIZE[40171]</label>
					<include>DefaultSettingButton</include>
					<onclick>Skin.ToggleSetting(enable_LibraryDiscArt)</onclick>
					<selected>Skin.HasSetting(enable_LibraryDiscArt)</selected>
				</control>
				<control type="radiobutton" id="919">
					<include>DefaultSettingButton</include>
					<label>  ∟$LOCALIZE[40176]</label>
					<onclick>Skin.ToggleSetting(enable_LibraryDiscArtOverlay)</onclick>
					<selected>!Skin.HasSetting(enable_LibraryDiscArtOverlay)</selected>
					<visible>Skin.HasSetting(enable_LibraryDiscArt)</visible>
				</control>
				<control type="radiobutton" id="920">
					<include>DefaultSettingButton</include>
					<label>$LOCALIZE[40222]</label>
					<onclick>Skin.ToggleSetting(TrailerFullscreen)</onclick>
					<selected>Skin.HasSetting(TrailerFullscreen)</selected>
				</control>
				<control type="radiobutton" id="905">
					<label>$LOCALIZE[40149]</label>
					<include>DefaultSettingButton</include>
					<onclick>Skin.ToggleSetting(ForcedViews.Enabled)</onclick>
					<selected>Skin.HasSetting(ForcedViews.Enabled)</selected>
				</control>
				<control type="button" id="906">
					<include>DefaultSettingButton</include>
					<onclick>RunScript(script.skin.helper.service,action=setforcedview,contenttype=movies)</onclick>
					<visible>Library.HasContent(movies) + Skin.HasSetting(ForcedViews.Enabled)</visible>
					<label>  ∟$LOCALIZE[40150]</label>
					<label2>$VAR[SettingsForcedViewsMoviesVar]</label2>
				</control>
				<control type="button" id="907">
					<include>DefaultSettingButton</include>
					<onclick>RunScript(script.skin.helper.service,action=setforcedview,contenttype=sets)</onclick>
					<visible>Library.HasContent(movies) + Skin.HasSetting(ForcedViews.Enabled)</visible>
					<label>  ∟$LOCALIZE[40151]</label>
					<label2>$VAR[SettingsForcedViewsSetsVar]</label2>
				</control>
				<control type="button" id="908">
					<include>DefaultSettingButton</include>
					<onclick>RunScript(script.skin.helper.service,action=setforcedview,contenttype=setmovies)</onclick>
					<visible>Library.HasContent(movies) + Skin.HasSetting(ForcedViews.Enabled)</visible>
					<label>  ∟$LOCALIZE[40152]</label>
					<label2>$VAR[SettingsForcedViewsSetMoviesVar]</label2>
				</control>
				<control type="button" id="909">
					<include>DefaultSettingButton</include>
					<onclick>RunScript(script.skin.helper.service,action=setforcedview,contenttype=tvshows)</onclick>
					<visible>Library.HasContent(tvshows) + Skin.HasSetting(ForcedViews.Enabled)</visible>
					<label>  ∟$LOCALIZE[40153]</label>
					<label2>$VAR[SettingsForcedViewsTVShowsVar]</label2>
				</control>
				<control type="button" id="910">
					<include>DefaultSettingButton</include>
					<onclick>RunScript(script.skin.helper.service,action=setforcedview,contenttype=seasons)</onclick>
					<visible>Library.HasContent(tvshows) + Skin.HasSetting(ForcedViews.Enabled)</visible>
					<label>  ∟$LOCALIZE[40154]</label>
					<label2>$VAR[SettingsForcedViewsSeasonsVar]</label2>
				</control>
				<control type="button" id="911">
					<include>DefaultSettingButton</include>
					<onclick>RunScript(script.skin.helper.service,action=setforcedview,contenttype=episodes)</onclick>
					<visible>Library.HasContent(tvshows) + Skin.HasSetting(ForcedViews.Enabled)</visible>
					<label>  ∟$LOCALIZE[40155]</label>
					<label2>$VAR[SettingsForcedViewsEpisodesVar]</label2>
				</control>
				<control type="button" id="912">
					<include>DefaultSettingButton</include>
					<onclick>RunScript(script.skin.helper.service,action=setforcedview,contenttype=artists)</onclick>
					<visible>Library.HasContent(music) + Skin.HasSetting(ForcedViews.Enabled)</visible>
					<label>  ∟$LOCALIZE[40156]</label>
					<label2>$VAR[SettingsForcedViewsArtistsVar]</label2>
				</control>
				<control type="button" id="913">
					<include>DefaultSettingButton</include>
					<onclick>RunScript(script.skin.helper.service,action=setforcedview,contenttype=albums)</onclick>
					<visible>Library.HasContent(music) + Skin.HasSetting(ForcedViews.Enabled)</visible>
					<label>  ∟$LOCALIZE[40157]</label>
					<label2>$VAR[SettingsForcedViewsAlbumsVar]</label2>
				</control>
				<control type="button" id="914">
					<include>DefaultSettingButton</include>
					<onclick>RunScript(script.skin.helper.service,action=setforcedview,contenttype=musicvideos)</onclick>
					<visible>Library.HasContent(musicvideos) + Skin.HasSetting(ForcedViews.Enabled)</visible>
					<label>  ∟$LOCALIZE[40158]</label>
					<label2>$VAR[SettingsForcedViewsMusicVideosVar]</label2>
				</control>
				<control type="button" id="915">
					<label>$LOCALIZE[10041]</label>
					<include>DefaultSettingButton</include>
					<onclick>RunScript(script.skin.helper.service,action=dialogyesno,header=$LOCALIZE[10041],message=$LOCALIZE[10042],yesaction=Skin.Reset(autoscroll)|Skin.Reset(hide_plotforspoiler)|Skin.Reset(hide_thumbforspoiler)|Skin.Reset(LibraryClearLogo)|Skin.Reset(enable_LibraryDiscArt)|Skin.Reset(enable_LibraryDiscArtOverlay)|Skin.Reset(TrailerFullscreen)|Skin.Reset(ForcedViews.Enabled))</onclick>
				</control>
			</control>
			<control type="grouplist" id="700">
				<top>168</top>
				<left>0</left>
				<right>0</right>
				<bottom>142</bottom>
				<onleft>9000</onleft>
				<onright>60</onright>
				<onup>700</onup>
				<ondown>700</ondown>
				<pagecontrol>60</pagecontrol>
				<visible>Container(9000).HasFocus(1)</visible>
				<control type="radiobutton" id="701">
					<label>$LOCALIZE[31095]</label>
					<include>DefaultSettingButton</include>
					<selected>!Skin.HasSetting(no_slide_animations)</selected>
					<onclick>Skin.ToggleSetting(no_slide_animations)</onclick>
				</control>
				<control type="radiobutton" id="702">
					<label>$LOCALIZE[40076]</label>
					<include>DefaultSettingButton</include>
					<selected>Skin.HasSetting(no_animations)</selected>
					<onclick>Skin.ToggleSetting(no_animations)</onclick>
				</control>
				<control type="radiobutton" id="703">
					<label>$LOCALIZE[40077]</label>
					<include>DefaultSettingButton</include>
					<onclick>Skin.ToggleSetting(hide_popup)</onclick>
					<selected>Skin.HasSetting(hide_popup)</selected>
				</control>
				<control type="radiobutton" id="704">
					<label>$LOCALIZE[31093]</label>
					<include>DefaultSettingButton</include>
					<onclick condition="!String.IsEmpty(Weather.Plugin)">Skin.ToggleSetting(show_weatherinfo)</onclick>
					<onclick condition="String.IsEmpty(Weather.Plugin)">ActivateWindow(servicesettings,weather)</onclick>
					<selected>Skin.HasSetting(show_weatherinfo) + !String.IsEmpty(Weather.Plugin)</selected>
				</control>
				<control type="radiobutton" id="705">
					<label>$LOCALIZE[31160]</label>
					<include>DefaultSettingButton</include>
					<onclick>Skin.ToggleSetting(hide_mediaflags)</onclick>
					<selected>!Skin.HasSetting(hide_mediaflags)</selected>
				</control>
				<control type="button" id="714">
					<label>  ∟$LOCALIZE[40244]</label>
					<include>DefaultSettingButton</include>
					<onclick>ActivateWindow(1137)</onclick>
					<visible>!Skin.HasSetting(hide_mediaflags)</visible>
				</control>
				<control type="button" id="706">
					<label>  ∟$LOCALIZE[40093]</label>
					<label2>$VAR[Label_SkinSetting_MediaFlagsColor]</label2>
					<include>DefaultSettingButton</include>
					<onclick condition="!Skin.String(MediaFlagsColor)">RunScript(script.skin.helper.colorpicker,skinstring=MediaFlagsColor)</onclick>
					<onclick condition="Skin.String(MediaFlagsColor)">Skin.Reset(MediaFlagsColor)</onclick>
					<visible>!Skin.HasSetting(hide_mediaflags)</visible>
				</control>
				<control type="radiobutton" id="713">
					<label>$LOCALIZE[40238]</label>
					<include>DefaultSettingButton</include>
					<onclick>Skin.ToggleSetting(show_borders)</onclick>
					<selected>Skin.HasSetting(show_borders)</selected>
				</control>
				<control type="button" id="712">
					<label>  ∟$LOCALIZE[40021]</label>
					<label2>$VAR[Label_SkinSetting_BorderColor]</label2>
					<include>DefaultSettingButton</include>
					<onclick condition="!Skin.String(BorderColor)">RunScript(script.skin.helper.colorpicker,skinstring=BorderColor)</onclick>
					<onclick condition="Skin.String(BorderColor)">Skin.Reset(BorderColor)</onclick>
					<visible>Skin.HasSetting(show_borders)</visible>
				</control>
				<control type="button" id="707">
					<label>$LOCALIZE[31024]</label>
					<include>DefaultSettingButton</include>
					<onclick>Skin.SelectBool(31024, 40148|, 40232|circle_rating, 40233|circle_userrating, 40281|circle_bothrating)</onclick>
					<label2>$VAR[RatingSettingLabel2Var]</label2>
				</control>
				<control type="button" id="711">
					<label>  ∟$VAR[Label_SkinSetting_RatingColor]</label>
					<label2>$VAR[Label_SkinSetting_RatingStringColor]</label2>
					<include>DefaultSettingButton</include>
					<onclick condition="!Skin.String(RatingStringColor)">RunScript(script.skin.helper.colorpicker,skinstring=RatingStringColor)</onclick>
					<onclick condition="Skin.String(RatingStringColor)">Skin.Reset(RatingStringColor)</onclick>
					<visible>Skin.HasSetting(circle_rating) | Skin.HasSetting(circle_userrating) | Skin.HasSetting(circle_bothrating)</visible>
					<enable>!$EXP[EasterTheme]</enable>
				</control>
				<control type="button" id="715">
					<label>  ∟$LOCALIZE[40283]</label>
					<label2>$VAR[Label_SkinSetting_UserRatingStringColor]</label2>
					<include>DefaultSettingButton</include>
					<onclick condition="!Skin.String(UserRatingStringColor)">RunScript(script.skin.helper.colorpicker,skinstring=UserRatingStringColor)</onclick>
					<onclick condition="Skin.String(UserRatingStringColor)">Skin.Reset(UserRatingStringColor)</onclick>
					<visible>Skin.HasSetting(circle_bothrating)</visible>
				</control>
				<control type="radiobutton" id="708">
					<label>$LOCALIZE[40085]</label>
					<include>DefaultSettingButton</include>
					<onclick>Skin.ToggleSetting(background_showvideo)</onclick>
					<selected>!Skin.HasSetting(background_showvideo)</selected>
				</control>
				<control type="radiobutton" id="709">
					<label>$LOCALIZE[40084]</label>
					<include>DefaultSettingButton</include>
					<onclick>Skin.ToggleSetting(background_showvisualisation)</onclick>
					<selected>!Skin.HasSetting(background_showvisualisation)</selected>
				</control>
				<control type="button" id="710">
					<label>$LOCALIZE[10041]</label>
					<include>DefaultSettingButton</include>
					<onclick>RunScript(script.skin.helper.service,action=dialogyesno,header=$LOCALIZE[10041],message=$LOCALIZE[10042],yesaction=Skin.Reset(no_slide_animations)|Skin.Reset(no_animations)|Skin.Reset(hide_popup)|Skin.Reset(show_weatherinfo)|Skin.Reset(hide_mediaflags)|Skin.Reset(MediaFlagsColor)|Skin.Reset(show_borders)|Skin.Reset(background_showvideo)|Skin.Reset(background_showvisualisation))</onclick>
				</control>
			</control>
			<control type="grouplist" id="600">
				<top>168</top>
				<left>0</left>
				<right>0</right>
				<bottom>142</bottom>
				<onleft>9000</onleft>
				<onright>60</onright>
				<onup>600</onup>
				<ondown>600</ondown>
				<pagecontrol>60</pagecontrol>
				<visible>Container(9000).HasFocus(3)</visible>
				<control type="radiobutton" id="601">
					<label>$LOCALIZE[31002]</label>
					<include>DefaultSettingButton</include>
					<onclick>Skin.ToggleSetting(no_fanart)</onclick>
					<selected>!Skin.HasSetting(no_fanart)</selected>
				</control>
				<control type="button" id="614">
                    <label>  ∟$LOCALIZE[40265]</label>
                    <label2>$VAR[Label_SkinSetting_GlobalBackground]</label2>
                    <include>DefaultSettingButton</include>
                    <onclick condition="String.IsEmpty(Skin.String(global-background))">Skin.SetImage(global-background)</onclick>
                    <onclick condition="!String.IsEmpty(Skin.String(global-background))">Skin.Reset(global-background)</onclick>
                    <visible>Skin.HasSetting(no_fanart)</visible>
                </control>
				<control type="radiobutton" id="602">
					<label>$LOCALIZE[40059]</label>
					<include>DefaultSettingButton</include>
					<onclick condition="!System.HasAddon(script.artwork.helper)">InstallAddon(script.artwork.helper)</onclick>
					<onclick condition="System.HasAddon(script.artwork.helper)">Skin.ToggleSetting(EnableExtraFanart)</onclick>
					<selected>Skin.HasSetting(EnableExtraFanart)</selected>
					<enable>!Skin.HasSetting(no_fanart)</enable>
				</control>
				<control type="radiobutton" id="603">
					<label>$LOCALIZE[40119]</label>
					<include>DefaultSettingButton</include>
					<onclick>Skin.ToggleSetting(Skin_EnableAnimatedPosters)</onclick>
					<selected>Skin.HasSetting(Skin_EnableAnimatedPosters)</selected>
				</control>
				<control type="button" id="606">
					<label>$LOCALIZE[31149]</label>
					<label2>$VAR[Label_SkinSetting_MovieGenreFanart]</label2>
					<include>DefaultSettingButton</include>
					<onclick condition="!System.HasAddon(script.image.resource.select)">InstallAddon(script.image.resource.select)</onclick>
					<onclick condition="System.HasAddon(script.image.resource.select)">RunScript(script.image.resource.select,property=MovieGenreFanart&amp;type=resource.images.moviegenrefanart)</onclick>
				</control>
				<control type="button" id="607">
					<label>$LOCALIZE[40110]</label>
					<label2>$VAR[Label_SkinSetting_MovieGenreIcons]</label2>
					<include>DefaultSettingButton</include>
					<onclick condition="!System.HasAddon(script.image.resource.select)">InstallAddon(script.image.resource.select)</onclick>
					<onclick condition="System.HasAddon(script.image.resource.select)">RunScript(script.image.resource.select,property=moviegenreicons&amp;type=resource.images.moviegenreicons)</onclick>
				</control>
				<control type="button" id="613">
					<label>$LOCALIZE[40262]</label>
					<label2>$VAR[Label_SkinSetting_MovieCountryIcons]</label2>
					<include>DefaultSettingButton</include>
					<onclick condition="!System.HasAddon(script.image.resource.select)">InstallAddon(script.image.resource.select)</onclick>
					<onclick condition="System.HasAddon(script.image.resource.select)">RunScript(script.image.resource.select,property=moviecountryicons&amp;type=resource.images.moviecountryicons)</onclick>
				</control>
				<control type="button" id="608">
					<label>$LOCALIZE[31062]</label>
					<label2>$VAR[Label_SkinSetting_WeatherFanart]</label2>
					<include>DefaultSettingButton</include>
					<onclick condition="System.HasAddon(script.image.resource.select) + System.HasAddon(resource.images.weatherfanart.multi)">RunScript(script.image.resource.select,property=WeatherFanart&amp;type=resource.images.weatherfanart)</onclick>
					<onclick condition="!System.HasAddon(script.image.resource.select)">InstallAddon(script.image.resource.select)</onclick>
					<onclick condition="!System.HasAddon(resource.images.weatherfanart.multi)">InstallAddon(resource.images.weatherfanart.multi)</onclick>
					<enable>!Skin.HasSetting(no_fanart)</enable>
				</control>
				<control type="button" id="609">
					<label>$LOCALIZE[40062]</label>
					<label2>$VAR[Label_SkinSetting_WeatherIcons]</label2>
					<include>DefaultSettingButton</include>
					<onclick condition="System.HasAddon(script.image.resource.select)">RunScript(script.image.resource.select,property=WeatherIcons&amp;type=resource.images.weathericons)</onclick>
					<onclick condition="!System.HasAddon(script.image.resource.select)">InstallAddon(script.image.resource.select)</onclick>
				</control>
				<control type="button" id="610">
					<label>$LOCALIZE[40108]</label>
					<label2>$VAR[Label_SkinSetting_StudioLogos]</label2>
					<include>DefaultSettingButton</include>
					<onclick condition="System.HasAddon(script.image.resource.select)">RunScript(script.image.resource.select,property=studiologos&amp;type=resource.images.studios)</onclick>
					<onclick condition="!System.HasAddon(script.image.resource.select)">InstallAddon(script.image.resource.select)</onclick>
				</control>
				<control type="button" id="611">
					<label>$LOCALIZE[40109]</label>
					<label2>$VAR[Label_SkinSetting_RecordLabels]</label2>
					<include>DefaultSettingButton</include>
					<onclick condition="System.HasAddon(script.image.resource.select)">RunScript(script.image.resource.select,property=recordlabels&amp;type=resource.images.recordlabels)</onclick>
					<onclick condition="!System.HasAddon(script.image.resource.select)">InstallAddon(script.image.resource.select)</onclick>
				</control>
				<control type="button" id="612">
					<label>$LOCALIZE[10041]</label>
					<include>DefaultSettingButton</include>
					<onclick>RunScript(script.skin.helper.service,action=dialogyesno,header=$LOCALIZE[10041],message=$LOCALIZE[10042],yesaction=Skin.Reset(no_fanart)|Skin.Reset(global-background)|Skin.Reset(EnableExtraFanart)|Skin.Reset(Skin_EnableAnimatedPosters)|Skin.Reset(HomeFanart.name)|Skin.Reset(MovieGenreFanart.name)|Skin.Reset(moviegenreicons.name)|Skin.Reset(moviecountryicons.name)|Skin.Reset(WeatherFanart.name)|Skin.Reset(WeatherIcons.name)|Skin.Reset(studiologos.name)|Skin.Reset(recordlabels.name))</onclick>
				</control>
			</control>
			<control type="grouplist" id="1000">
				<top>168</top>
				<left>0</left>
				<right>0</right>
				<bottom>142</bottom>
				<onleft>9000</onleft>
				<onright>60</onright>
				<onup>1000</onup>
				<pagecontrol>60</pagecontrol>
				<ondown>1000</ondown>
				<visible>Container(9000).HasFocus(2)</visible>
				<control type="label" id="100011">
					<textoffsetx>45</textoffsetx>
					<top>0</top>
					<height>70</height>
					<label>$LOCALIZE[40000]</label>
					<align>center</align>
					<aligny>center</aligny>
					<font>font28_title</font>
					<textcolor>grey</textcolor>
					<shadowcolor>black</shadowcolor>
				</control>
				<control type="radiobutton" id="10024">
					<label>$LOCALIZE[40216]</label>
					<include>DefaultSettingButton</include>
					<selected>Skin.HasSetting(MinimizeMainMenu)</selected>
					<onclick>Skin.ToggleSetting(MinimizeMainMenu)</onclick>
				</control>
				<control type="radiobutton" id="10025">
					<label>  ∟$LOCALIZE[40217]</label>
					<include>DefaultSettingButton</include>
					<selected>Skin.HasSetting(TopNameItem)</selected>
					<onclick>Skin.ToggleSetting(TopNameItem)</onclick>
					<visible>Skin.HasSetting(MinimizeMainMenu)</visible>
				</control>
				<control type="radiobutton" id="10001">
					<label>$LOCALIZE[40004]</label>
					<include>DefaultSettingButton</include>
					<selected>Skin.HasSetting(HideMainMenuWithWidgets)</selected>
					<onclick>Skin.ToggleSetting(HideMainMenuWithWidgets)</onclick>
				</control>
				<control type="button" id="10002">
					<label>$LOCALIZE[40106]</label>
					<include>DefaultSettingButton</include>
					<onclick condition="!System.HasAddon(script.skinshortcuts)">InstallAddon(script.skinshortcuts)</onclick>
					<onclick>RunScript(script.skinshortcuts,type=manage&amp;group=mainmenu)</onclick>
				</control>
				<control type="button" id="10003">
					<label>  ∟$LOCALIZE[40006]</label>
					<include>DefaultSettingButton</include>
					<onclick condition="!System.HasAddon(script.skinshortcuts)">InstallAddon(script.skinshortcuts)</onclick>
					<onclick>Skin.Reset(widgetAnimation1)</onclick>
					<onclick>Skin.Reset(widgetAnimation2)</onclick>
					<onclick>Skin.Reset(widgetAnimation3)</onclick>
					<onclick>Skin.Reset(widgetAnimation4)</onclick>
					<onclick>Skin.Reset(widgetAnimation5)</onclick>
					<onclick>Skin.Reset(widgetAnimation6)</onclick>
					<onclick>Skin.Reset(widgetAnimation7)</onclick>
					<onclick>Skin.Reset(widgetAnimation8)</onclick>
					<onclick>Skin.Reset(widgetAnimation9)</onclick>
					<onclick>Skin.Reset(HomeBanner)</onclick>
					<onclick>RunScript(script.skinshortcuts,type=resetall)</onclick>
				</control>
				<control type="radiobutton" id="10006">
                    <label>$LOCALIZE[40141]</label>
					<include>DefaultSettingButton</include>
					<selected>!Skin.HasSetting(enable_power_background)</selected>
					<onclick>Skin.ToggleSetting(enable_power_background)</onclick>
                </control>
				<control type="button" id="10007">
                    <label>  ∟$LOCALIZE[40144]</label>
                    <label2>$VAR[Label_SkinSetting_PowerFanart]</label2>
                    <include>DefaultSettingButton</include>
                     <onclick condition="!Skin.String(power_background)">Skin.SetImage(power_background)</onclick>
                    <onclick condition="Skin.String(power_background)">Skin.Reset(power_background)</onclick>
                    <visible>!Skin.HasSetting(enable_power_background)</visible>
                </control>
                <control type="radiobutton" id="10008">
                    <label>$LOCALIZE[40142]</label>
					<include>DefaultSettingButton</include>
					<selected>!Skin.HasSetting(enable_settings_background)</selected>
					<onclick>Skin.ToggleSetting(enable_settings_background)</onclick>
                </control>
                <control type="button" id="10009">
                    <label>  ∟$LOCALIZE[40144]</label>
                    <label2>$VAR[Label_SkinSetting_SettingsFanart]</label2>
                    <include>DefaultSettingButton</include>
                    <onclick condition="!Skin.String(settings_background)">Skin.SetImage(settings_background)</onclick>
                    <onclick condition="Skin.String(settings_background)">Skin.Reset(settings_background)</onclick>
                    <visible>!Skin.HasSetting(enable_settings_background)</visible>
                </control>
                <control type="radiobutton" id="10010">
                    <label>$LOCALIZE[40143]</label>
					<include>DefaultSettingButton</include>
					<selected>!Skin.HasSetting(enable_search_background)</selected>
					<onclick>Skin.ToggleSetting(enable_search_background)</onclick>
                </control>
                <control type="button" id="10011">
                    <label>  ∟$LOCALIZE[40144]</label>
                    <label2>$VAR[Label_SkinSetting_SearchFanart]</label2>
                    <include>DefaultSettingButton</include>
                    <onclick condition="!Skin.String(search_background)">Skin.SetImage(search_background)</onclick>
                    <onclick condition="Skin.String(search_background)">Skin.Reset(search_background)</onclick>
                    <visible>!Skin.HasSetting(enable_search_background)</visible>
                </control>
				<control type="label" id="100013">
					<textoffsetx>45</textoffsetx>
					<top>0</top>
					<height>70</height>
					<label>Widgets</label>
					<align>center</align>
					<aligny>center</aligny>
					<font>font28_title</font>
					<textcolor>grey</textcolor>
					<shadowcolor>black</shadowcolor>
				</control>
				<control type="button" id="10004">
					<label>$LOCALIZE[40067]</label>
					<label2>$VAR[Label_SkinSetting_WidgetNumber]</label2>
					<include>DefaultSettingButton</include>
					<onclick>Skin.SetNumeric(widgetnumber)</onclick>
				</control>
				<control type="radiobutton" id="10021">
					<label>$LOCALIZE[40268]</label>
					<include>DefaultSettingButton</include>
					<onclick>Skin.ToggleSetting(HideWidgetLabels)</onclick>
					<selected>!Skin.HasSetting(HideWidgetLabels)</selected>
				</control>
				<control type="radiobutton" id="10014">
					<label>$LOCALIZE[40011]</label>
					<include>DefaultSettingButton</include>
					<onclick>Skin.ToggleSetting(UseSmallerCategories)</onclick>
					<selected>Skin.HasSetting(UseSmallerCategories)</selected>
				</control>
				<control type="radiobutton" id="10005">
					<label>$LOCALIZE[40068]</label>
					<include>DefaultSettingButton</include>
					<onclick>Skin.ToggleSetting(HomeClearLogo)</onclick>
					<selected>!Skin.HasSetting(HomeClearLogo)</selected>
				</control>
				<control type="radiobutton" id="10023">
					<include>DefaultSettingButton</include>
					<label>  ∟$LOCALIZE[40215]</label>
					<onclick>Skin.ToggleSetting(HomeClearLogoMenu)</onclick>
					<selected>Skin.HasSetting(HomeClearLogoMenu)</selected>
					<visible>!Skin.HasSetting(HomeClearLogo)</visible>
					<enable>!Skin.HasSetting(HideMainMenuWithWidgets) + !Skin.HasSetting(MinimizeMainMenu)</enable>
				</control>
				<control type="radiobutton" id="10018">
					<label>$LOCALIZE[40170]</label>
					<include>DefaultSettingButton</include>
					<onclick>Skin.ToggleSetting(enable_HomeDiscArt)</onclick>
					<selected>Skin.HasSetting(enable_HomeDiscArt)</selected>
				</control>
				<control type="radiobutton" id="10019">
					<include>DefaultSettingButton</include>
					<label>  ∟$LOCALIZE[40176]</label>
					<onclick>Skin.ToggleSetting(enable_HomeDiscArtOverlay)</onclick>
					<selected>!Skin.HasSetting(enable_HomeDiscArtOverlay)</selected>
					<visible>Skin.HasSetting(enable_HomeDiscArt)</visible>
				</control>
				<control type="radiobutton" id="10017">
					<label>$LOCALIZE[40164]</label>
					<include>DefaultSettingButton</include>
					<onclick>Skin.ToggleSetting(greyedout_watched_home)</onclick>
					<selected>Skin.HasSetting(greyedout_watched_home)</selected>
				</control>
				<control type="radiobutton" id="10020">
					<label>$LOCALIZE[40197]</label>
					<include>DefaultSettingButton</include>
					<onclick>Skin.ToggleSetting(enable_settingswidget)</onclick>
					<selected>!Skin.HasSetting(enable_settingswidget)</selected>
				</control>
				<control type="button" id="10022">
					<label>$LOCALIZE[10041]</label>
					<include>DefaultSettingButton</include>
					<onclick>RunScript(script.skin.helper.service,action=dialogyesno,header=$LOCALIZE[10041],message=$LOCALIZE[10042],yesaction=Skin.Reset(HideMainMenuWithWidgets)|Skin.Reset(enable_power_background)|Skin.Reset(power_background)|Skin.Reset(enable_settings_background)|Skin.Reset(settings_background)|Skin.Reset(enable_search_background)|Skin.Reset(search_background)|Skin.Reset(widgetnumber)|Skin.Reset(HideWidgetLabels)|Skin.Reset(UseSmallerCategories)|Skin.Reset(HomeClearLogo)|Skin.Reset(HomeClearLogoMenu)|Skin.Reset(enable_HomeDiscArt)|Skin.Reset(enable_HomeDiscArtOverlay)|Skin.Reset(greyedout_watched_home)|Skin.Reset(enable_settingswidget))</onclick>
				</control>
			</control>
			<control type="image">
				<description>Dialog Header image</description>
				<left>0</left>
				<top>160</top>
				<right>0</right>
				<height>2</height>
				<texture colordiffuse="$VAR[SkinColorVar]" border="2">dialogs/separator-grey.png</texture>
			</control>
			<control type="image">
				<description>Dialog Header image</description>
				<left>0</left>
				<bottom>134</bottom>
				<right>0</right>
				<height>2</height>
				<texture colordiffuse="$VAR[SkinColorVar]" border="2">dialogs/separator-grey.png</texture>
			</control>
		</control>
		<control type="group">
			<depth>DepthContentPanel</depth>
			<left>0</left>
			<include>OpenClose_Left</include>
			<include content="ContentPanel">
				<param name="width" value="530" />
			</include>
			<control type="list" id="9000">
				<description>button area</description>
				<left>0</left>
				<top>168</top>
				<width>470</width>
				<height>700</height>
				<onleft>10000</onleft>
				<onright>10000</onright>
				<onup>9000</onup>
				<ondown>9000</ondown>
				<itemlayout height="70" width="470">
					<control type="label">
						<textoffsetx>30</textoffsetx>
						<width>470</width>
						<height>70</height>
						<label>$INFO[ListItem.Label]</label>
						<font>font30_title</font>
						<aligny>center</aligny>
					</control>
				</itemlayout>
				<focusedlayout height="70" width="470">
					<control type="image">
						<width>470</width>
						<height>70</height>
						<texture colordiffuse="$VAR[SkinColorVar]">lists/focus.png</texture>
						<animation effect="fade" start="100" end="50" time="40" condition="!Control.HasFocus(9000)">Conditional</animation>
					</control>
					<control type="label">
						<textoffsetx>30</textoffsetx>
						<width>470</width>
						<height>70</height>
						<font>font30_title</font>
						<aligny>center</aligny>
						<scroll>true</scroll>
						<label>$INFO[ListItem.Label]</label>
					</control>
				</focusedlayout>
				<content>
					<item id="2">
						<label>$LOCALIZE[40003]</label>
					</item>
					<item id="1">
						<label>$LOCALIZE[128]</label>
					</item>
					<item id="5">
						<label>$LOCALIZE[14022]</label>
					</item>
					<item id="3">
						<label>$LOCALIZE[31159]</label>
					</item>
					<item id="9">
						<label>$LOCALIZE[40078]</label>
					</item>
					<item id="10">
						<label>$LOCALIZE[40079]</label>
					</item>
					<item id="4">
						<label>$LOCALIZE[40019]</label>
					</item>
					<item id="6">
						<label>$LOCALIZE[40066]</label>
					</item>
					<item id="7">
						<label>$LOCALIZE[40069]</label>
					</item>
					<item id="8">
						<label>$LOCALIZE[40073]</label>
					</item>
					<item id="11">
						<label>$LOCALIZE[40187]</label>
					</item>
				</content>
			</control>
		</control>
		<control type="group">
			<right>0</right>
			<top>163</top>
			<bottom>137</bottom>
			<width>60</width>
			<control type="scrollbar" id="60">
				<right>0</right>
				<top>0</top>
				<bottom>0</bottom>
				<width>12</width>
				<orientation>vertical</orientation>
				<texturesliderbackground />
				<animation effect="slide" end="6,0" time="300" tween="sine" easing="inout" condition="!Control.HasFocus(60)">Conditional</animation>
				<onleft condition="Container(9000).HasFocus(2)">1000</onleft>
				<onleft condition="Container(9000).HasFocus(8)">300</onleft>
				<onleft condition="Container(9000).HasFocus(1)">700</onleft>
				<onleft condition="Container(9000).HasFocus(9)">200</onleft>
				<onright condition="Container(9000).HasFocus(2)">1000</onright>
				<onright condition="Container(9000).HasFocus(8)">300</onright>
				<onright condition="Container(9000).HasFocus(1)">700</onright>
				<onright condition="Container(9000).HasFocus(9)">200</onright>
				<animation effect="fade" start="0" end="100" time="200" delay="300">Visible</animation>
				<animation effect="fade" start="100" end="0" time="200">Hidden</animation>
				<animation effect="fade" start="0" end="100" delay="300" time="320">WindowOpen</animation>
				<animation effect="fade" start="100" end="0" time="150">WindowClose</animation>
				<hitrect x="0" y="0" w="60" h="100%" />
				<visible>Control.IsVisible(1000) | Control.IsVisible(700) | Control.IsVisible(300) | Control.IsVisible(200)</visible>
			</control>
		</control>
		<include content="TopBar">
			<param name="breadcrumbs_label" value="$LOCALIZE[5] / $LOCALIZE[166]" />
		</include>
		<include>BottomBar</include>
		<control type="group">
			<include>OpenClose_Left</include>
			<control type="image">
				<left>66.5</left>
				<bottom>20</bottom>
				<width>337</width>
				<height>100</height>
				<texture>dialogs/logo.png</texture>
				<animation effect="slide" end="0,-70" time="0" condition="Skin.HasSetting(touchmode)">Conditional</animation>
			</control>
		</control>
		<control type="textbox" id="6">
			<include>OpenClose_Right</include>
			<description>description area</description>
			<left>510</left>
			<bottom>27</bottom>
			<width>1350</width>
			<height>100</height>
			<font>font12</font>
			<align>justify</align>
			<textcolor>$VAR[SkinColorVar]</textcolor>
			<label>$VAR[SkinSettingsHelpTextVar]</label>
			<autoscroll time="3000" delay="5000" repeat="5000">true</autoscroll>
		</control>
	</controls>
</window>
