<?xml version="1.0" encoding="UTF-8" standalone="yes"?>
<addon id="plugin.program.wrctvwizard" name="WRC TV Wizard" version="0.1.6" provider-name="weriseco">
  <requires>
    <import addon="xbmc.python" version="2.1.0"/>
  </requires>
  <extension point="xbmc.python.pluginsource" library="default.py">
    <provides>executable</provides>
  </extension>
  <extension point="xbmc.service" library="startup.py" start="startup" />
  <extension point="xbmc.addon.metadata">
    <summary lang="en">WRC TV Wizard</summary>
    <description lang="en">WRC TV Wizard offers many maintenance features, selective add-on data saving, and automated build installs.</description>
    <platform>all</platform>
  </extension>
</addon>
