<?xml version="1.0" encoding="UTF-8" standalone="yes"?>
<addon id="plugin.program.reaperwizard" name="Reaper Wizard" version="0.2.0" provider-name="Reddit_Reaper">
  <requires>
    <import addon="xbmc.python" version="2.1.0"/>
  </requires>
  <extension point="xbmc.python.pluginsource" library="default.py">
    <provides>executable</provides>
  </extension>
  <extension point="xbmc.service" library="startup.py" start="startup" />
  <extension point="xbmc.addon.metadata">
    <summary lang="en">Reaper Wizard</summary>
    <description lang="en">Reaper Wizard allows you to get access to the latest Reaper Custom Builds.</description>
    <platform>all</platform>
  </extension>
</addon>