<?xml version="1.0" encoding="UTF-8" standalone="yes"?>
<addon id="plugin.program.reaperwizard" name="Reaper Wizard" version="1.3.5" provider-name="Reddit_Reaper">
  <requires>>
        <import addon="xbmc.python" version="2.1.0" />
        <import addon="script.module.requests" />
        <import addon="script.module.six" />
    </requires>
    
    <extension point="xbmc.python.pluginsource" library="default.py">
        <provides>executable</provides>
    </extension>
    
    <extension point="xbmc.service" library="startup.py" start="startup" />
    
    <extension point="xbmc.addon.metadata">
        <summary lang="en">Reaper Wizard</summary>
        <description lang="en">Reaper Wizard allows you to get access to the latest Reaper Custom Builds.</description>
        <platform>all</platform>
        <reuselanguageinvoker>false</reuselanguageinvoker>
        <source>https://www.github.com/drinfernoo/plugin.program.openwizard/</source>
        <news>
			1.3.5
			 - Add Fen
			 - Add Shadow
			 - Fix restoring saved data every boot
			1.3.4
			 - Fix bad indent
			1.3.3
			 - Fix Unicode characters in notification window
			1.3.2
			 - Fix build restore
			1.3.1
			 - Fix "Keep Login Info" menu        
			1.3.0
			 - Fix formatting of saved restore times
			 - Fix local build zip being deleted on restore
			 - Add YouTube API saving
			 - Remove broken context menus
			 - Fix repeating dialogs from shortcuts/favorites
			 - Remove "Normal Install" option
			 - Add "Logging Tools" menu
			 - Add option to save guisettings.xml
			 - Add TMDbHelper Fanart.tv saving
			 - More fixes for OS X
			 - Fix Seren Fanart.tv saving
		</news>
        <assets>
            <icon>icon.png</icon>
            <fanart>fanart.png</fanart>
        </assets>
    </extension>
</addon>
