<?xml version="1.0" encoding="UTF-8" standalone="yes"?>
<addon id="plugin.program.reaperwizard" name="Reaper Wizard" version="1.3.2" provider-name="Reddit_Reaper">
  <requires>>
        <import addon="xbmc.python" version="2.1.0" />
        <import addon="script.module.requests" />
        <import addon="script.module.six" />
    </requires>
    
    <extension point="xbmc.python.pluginsource" library="default.py">
        <provides>executable</provides>
    </extension>
    
    <extension point="xbmc.service" library="startup.py" start="startup" />
    
    <extension point="xbmc.addon.metadata">
        <summary lang="en">Reaper Wizard</summary>
        <description lang="en">Reaper Wizard allows you to get access to the latest Reaper Custom Builds.</description>
        <platform>all</platform>
        <reuselanguageinvoker>false</reuselanguageinvoker>
        <source>https://www.github.com/drinfernoo/plugin.program.openwizard/</source>
        <news>
        1.2.9
         - Fix NuMb3r5 cache clearing
         - Fix hang during repo force check
         - Fix logins being restored every startup
         - Fix some file permission errors
         - Fix OS X backup errors
        1.2.7
         - Add TheMovieDb Helper
        1.2.6
         - Fix Seren PM OAuth    
        1.2.5
         - Fix typo in debridit.py
        1.2.4
         - Cover more edge cases during binary detection
        1.2.3
         - Fix notification ID bug
        1.2.2
         - Add Seren PM OAuth
         - Add AllDebrid spport for Gaia, Seren, ResolveURL, and URLResolver
        1.2.1
         - General bug fixes
        1.2.0
         - Silence save data notifications on startup
         - Fix Addon Installer menu
         - Convert addons.txt to JSON format
        </news>
        <assets>
            <icon>icon.png</icon>
            <fanart>fanart.png</fanart>
        </assets>
    </extension>
</addon>
